ID,action,performedBy_ID,timestamp,product_ID,request_ID,createdAt,createdBy,modifiedAt,modifiedBy
84c51328-fb8f-42bf-932d-1a40c6f3c374,CHECKED_OUT,c2a12ec1-262b-4a3e-823d-226595a80ef4,2026-01-12T05:15:02.000Z,497e555a-7fbe-4093-810c-4614323b09fb,b20fde79-9ffd-488b-8060-a6a1df7148e4
07978f9f-ad8e-42f9-8d57-5a164966bfff,REJECTED,c2a12ec1-262b-4a3e-823d-226595a80ef4,2026-01-12T05:15:02.000Z,3ba3770f-4e3c-4d9b-9d55-34622c7ab930,b20fde79-9ffd-488b-8060-a6a1df7148e4
3ba3770f-4e3c-4d9b-9d55-34622c7ab930,CHECKED_OUT,c2a12ec1-262b-4a3e-823d-226595a80ef4,2026-01-12T05:20:23.000Z,3ba3770f-4e3c-4d9b-9d55-34622c7ab930,b20fde79-9ffd-488b-8060-a6a1df7148e4
497e555a-7fbe-4093-810c-4614323b09fb,REJECTED,c2a12ec1-262b-4a3e-823d-226595a80ef4,2026-01-12T05:23:56.000Z,497e555a-7fbe-4093-810c-4614323b09fb,b20fde79-9ffd-488b-8060-a6a1df7148e4
663c3242-3b99-46a6-9510-7442112bd2f7,REJECTED,c2a12ec1-262b-4a3e-823d-226595a80ef4,2026-01-12T05:28:04.000Z,497e555a-7fbe-4093-810c-4614323b09fb,b20fde79-9ffd-488b-8060-a6a1df7148e4
497e555a-7fbe-4093-810c-4614323b09fb,CHECKED_OUT,c2a12ec1-262b-4a3e-823d-226595a80ef4,2026-01-12T05:28:21.000Z,497e555a-7fbe-4093-810c-4614323b09fb,b20fde79-9ffd-488b-8060-a6a1df7148e4
843ffb72-a509-4d59-bd7b-f3fa96bcbb9c,CHECKED_OUT,c2a12ec1-262b-4a3e-823d-226595a80ef4,2026-01-12T09:12:44.000Z,3f5f2cce-0feb-4172-a6c1-b7df3567fd9c,cd172227-c05d-4c81-9701-ac62d4b95ce3
ef7e2065-9f7b-4c58-8aca-abb03eda7d7e,CHECKED_OUT,c2a12ec1-262b-4a3e-823d-226595a80ef4,2026-01-12T09:12:44.000Z,e218624e-728d-4e5c-8300-f3fd9c124db5,cd172227-c05d-4c81-9701-ac62d4b95ce3
72f036e3-fbba-4445-96d6-f2ad67e7a4eb,CHECKED_OUT,c2a12ec1-262b-4a3e-823d-226595a80ef4,2026-01-12T09:12:44.000Z,dc4144b1-00f6-42d8-bb99-ca426071cca3,cd172227-c05d-4c81-9701-ac62d4b95ce3
